Row Labels,Average of Close
2025,173.974589
Jan,196.3729721
Feb,185.6907814
Mar,167.1050568
Apr,156.5232878
May,165.5571907
Jun,173.6333427
Jul,177.9333344
Grand Total,173.974589
